NiV_6_Malaysia_1_SMARTplex	CATTGAGGAGACTT	13	14	TTTTTCGTGCGCCGCTTCAACATTGAGGAGACTT	42.3303063322528
NiV_6_Malaysia_2_SMARTplex	CTTTTGTTGGACG	12	13	TTTTTCGTGCGCCGCTTCAACTTTTGTTGGACG	41.74856019854582
NiV_6_Malaysia_3_SMARTplex	CTCTGTAGAGTAGCA	14	15	TTTTTCGTGCGCCGCTTCAACTCTGTAGAGTAGCA	45.535645478368394
NiV_6_Malaysia_4_SMARTplex	CCTTCCTGCTGAT	12	13	TTTTTCGTGCGCCGCTTCAACCTTCCTGCTGAT	44.17030380389764
NiV_6_Malaysia_5_SMARTplex	AGTTCTGTTGCTG	13	13	TTTTTCGTGCGCCGCTTCAACAGTTCTGTTGCTG	42.49152577070771
NiV_6_Malaysia_6_SMARTplex	GATTTTGAGCAAGT	14	14	TTTTTCGTGCGCCGCTTCAACGATTTTGAGCAAGT	41.72779027588888
NiV_6_Malaysia_7_SMARTplex	TCACTTGTGCGA	12	12	TTTTTCGTGCGCCGCTTCAACTCACTTGTGCGA	42.855158820599456
NiV_6_Malaysia_8_SMARTplex	CAGAAAATCTTCCC	13	14	TTTTTCGTGCGCCGCTTCAACAGAAAATCTTCCC	41.38958158824522
NiV_6_Malaysia_9_SMARTplex	TCCCATTGTTTGC	13	13	TTTTTCGTGCGCCGCTTCAACTCCCATTGTTTGC	43.302104631451016
NiV_6_Malaysia_10_SMARTplex	CTGCAAACTCATCTT	14	15	TTTTTCGTGCGCCGCTTCAACTGCAAACTCATCTT	45.93321392434348
NiV_6_Malaysia_11_SMARTplex	GCATCTTTCCCTT	13	13	TTTTTCGTGCGCCGCTTCAACGCATCTTTCCCTT	41.77143886621957
NiV_6_Malaysia_12_SMARTplex	TCTACGGGGTTTA	13	13	TTTTTCGTGCGCCGCTTCAACTCTACGGGGTTTA	41.328746208622306
NiV_6_Malaysia_13_SMARTplex	TGAGAGTGCGG	11	11	TTTTTCGTGCGCCGCTTCAACTGAGAGTGCGG	41.03429193197633
NiV_6_Malaysia_14_SMARTplex	CATCTGCCATAGG	12	13	TTTTTCGTGCGCCGCTTCAACATCTGCCATAGG	41.97523678310199
NiV_6_Malaysia_15_SMARTplex	CTGAGGGCTGG	10	11	TTTTTCGTGCGCCGCTTCAACTGAGGGCTGG	41.37160141515557
NiV_6_Malaysia_16_SMARTplex	CTACAATACAAATCG	14	15	TTTTTCGTGCGCCGCTTCAACTACAATACAAATCG	40.597878757528065
NiV_6_Malaysia_17_SMARTplex	GGGTATAGATCTTGT	15	15	TTTTTCGTGCGCCGCTTCAACGGGTATAGATCTTGT	42.387325514664894
NiV_6_Malaysia_18_SMARTplex	CGACAAACCTTGA	12	13	TTTTTCGTGCGCCGCTTCAACGACAAACCTTGA	42.62848247291805
NiV_6_Malaysia_19_SMARTplex	ATCAATCTTCCTCC	14	14	TTTTTCGTGCGCCGCTTCAACATCAATCTTCCTCC	41.81650464102586
NiV_6_Malaysia_20_SMARTplex	CTTTAGAATTCTCCC	14	15	TTTTTCGTGCGCCGCTTCAACTTTAGAATTCTCCC	41.90948546330685
NiV_6_Malaysia_21_SMARTplex	TCTTTGCCTTTCA	13	13	TTTTTCGTGCGCCGCTTCAACTCTTTGCCTTTCA	40.84858867670749
NiV_6_Malaysia_22_SMARTplex	CTTTGACAAGTCCA	13	14	TTTTTCGTGCGCCGCTTCAACTTTGACAAGTCCA	43.653550933601764
NiV_6_Malaysia_23_SMARTplex	GATGTTGTCAGCA	13	13	TTTTTCGTGCGCCGCTTCAACGATGTTGTCAGCA	42.66253201067468
NiV_6_Malaysia_24_SMARTplex	CGTAACCCAATGT	12	13	TTTTTCGTGCGCCGCTTCAACGTAACCCAATGT	42.09590140293
NiV_6_Malaysia_25_SMARTplex	CGTTAAACATTCTCTC	15	16	TTTTTCGTGCGCCGCTTCAACGTTAAACATTCTCTC	45.21429590910208
NiV_6_Malaysia_26_SMARTplex	TGCTGGATATCTG	13	13	TTTTTCGTGCGCCGCTTCAACTGCTGGATATCTG	40.15038994828933
NiV_6_Malaysia_27_SMARTplex	ACACTATGTCCCA	11	13	TTTTTCGTGCGCCGCTTCAACACTATGTCCCA	41.66060633729472
NiV_6_Malaysia_28_SMARTplex	AAATGCTATTGTAGT	15	15	TTTTTCGTGCGCCGCTTCAACAAATGCTATTGTAGT	40.55309988627414
NiV_6_Malaysia_29_SMARTplex	ACTTTCCTTCCCC	11	13	TTTTTCGTGCGCCGCTTCAACTTTCCTTCCCC	43.69579053492379
NiV_6_Malaysia_30_SMARTplex	GCAACGCATCTTT	13	13	TTTTTCGTGCGCCGCTTCAACGCAACGCATCTTT	44.902961917624
NiV_6_Malaysia_31_SMARTplex	CTTTTGCAGGCA	11	12	TTTTTCGTGCGCCGCTTCAACTTTTGCAGGCA	41.93371040204522
NiV_6_Malaysia_32_SMARTplex	CAACAGTTGACACT	10	14	TTTTTCGTGCGCCGCTTCAACAGTTGACACT	44.217510082788465
NiV_6_Malaysia_33_SMARTplex	AGATAGCCTGCA	12	12	TTTTTCGTGCGCCGCTTCAACAGATAGCCTGCA	40.33147714716341
NiV_6_Malaysia_34_SMARTplex	CCAGCAGATCTCT	12	13	TTTTTCGTGCGCCGCTTCAACCAGCAGATCTCT	43.34406077881977
NiV_6_Malaysia_35_SMARTplex	ATGTACATTGCTCT	14	14	TTTTTCGTGCGCCGCTTCAACATGTACATTGCTCT	41.73532607357447
NiV_6_Malaysia_36_SMARTplex	CGAAAATACTAAGTCTC	16	17	TTTTTCGTGCGCCGCTTCAACGAAAATACTAAGTCTC	45.47325033287984
NiV_6_Malaysia_37_SMARTplex	CTTTCAGTCTATGGT	14	15	TTTTTCGTGCGCCGCTTCAACTTTCAGTCTATGGT	43.67079580876907
NiV_6_Malaysia_38_SMARTplex	GTAATCACCCTGT	13	13	TTTTTCGTGCGCCGCTTCAACGTAATCACCCTGT	40.27902756948271
NiV_6_Malaysia_39_SMARTplex	ACTCATATTCTTCCCT	14	16	TTTTTCGTGCGCCGCTTCAACTCATATTCTTCCCT	45.967858268870486
NiV_6_Malaysia_40_SMARTplex	ACTGTTGTCTCCATC	13	15	TTTTTCGTGCGCCGCTTCAACTGTTGTCTCCATC	47.44235740411591
NiV_6_Malaysia_41_SMARTplex	AAAGAACTCTGCC	13	13	TTTTTCGTGCGCCGCTTCAACAAAGAACTCTGCC	41.84950988198153
NiV_6_Malaysia_42_SMARTplex	ACAGAATGATTCCCA	13	15	TTTTTCGTGCGCCGCTTCAACAGAATGATTCCCA	46.16993713539682
NiV_6_Malaysia_43_SMARTplex	TTTGTAGGTCATCT	14	14	TTTTTCGTGCGCCGCTTCAACTTTGTAGGTCATCT	40.49724944681094
NiV_6_Malaysia_44_SMARTplex	GTGACATGTTATGA	14	14	TTTTTCGTGCGCCGCTTCAACGTGACATGTTATGA	40.03945080852242
NiV_6_Malaysia_45_SMARTplex	GGTCTGCAACAT	12	12	TTTTTCGTGCGCCGCTTCAACGGTCTGCAACAT	40.36683553841664
NiV_6_Malaysia_46_SMARTplex	ATTGTGGCCGA	11	11	TTTTTCGTGCGCCGCTTCAACATTGTGGCCGA	40.26335313526164
NiV_6_Malaysia_47_SMARTplex	GTCACATCCAGTG	13	13	TTTTTCGTGCGCCGCTTCAACGTCACATCCAGTG	42.91592250006255
NiV_6_Malaysia_48_SMARTplex	GTGAGTTCCTCAG	13	13	TTTTTCGTGCGCCGCTTCAACGTGAGTTCCTCAG	41.84628770139926
NiV_6_Malaysia_49_SMARTplex	CATTTTGTCTTCTGT	14	15	TTTTTCGTGCGCCGCTTCAACATTTTGTCTTCTGT	42.95001382223535
NiV_6_Malaysia_50_SMARTplex	TCCGTACTTGATC	13	13	TTTTTCGTGCGCCGCTTCAACTCCGTACTTGATC	40.38126228574498
NiV_6_Malaysia_51_SMARTplex	CTGAAATCTAGATTGT	15	16	TTTTTCGTGCGCCGCTTCAACTGAAATCTAGATTGT	42.62973172043547
NiV_6_Malaysia_52_SMARTplex	ACCATAAAGGAAAGT	13	15	TTTTTCGTGCGCCGCTTCAACCATAAAGGAAAGT	43.056128992350295
NiV_6_Malaysia_53_SMARTplex	ACAAGGCATTTGACA	13	15	TTTTTCGTGCGCCGCTTCAACAAGGCATTTGACA	48.38724066709881
NiV_6_Malaysia_54_SMARTplex	CTATTATCCAAGGAG	14	15	TTTTTCGTGCGCCGCTTCAACTATTATCCAAGGAG	40.73460087178137
NiV_6_Malaysia_55_SMARTplex	GTTCATAGACAGGA	14	14	TTTTTCGTGCGCCGCTTCAACGTTCATAGACAGGA	41.534361332362835
NiV_6_Malaysia_56_SMARTplex	GGGTCTTCCTCA	12	12	TTTTTCGTGCGCCGCTTCAACGGGTCTTCCTCA	40.801962020155315
NiV_6_Malaysia_57_SMARTplex	ACCAGTACTAGTCC	12	14	TTTTTCGTGCGCCGCTTCAACCAGTACTAGTCC	43.557451711116414
NiV_6_Malaysia_58_SMARTplex	ATTTCTGGCCCA	12	12	TTTTTCGTGCGCCGCTTCAACATTTCTGGCCCA	41.42875579768997
NiV_6_Malaysia_59_SMARTplex	GCATCCCTTTAGGT	14	14	TTTTTCGTGCGCCGCTTCAACGCATCCCTTTAGGT	45.82326247488862
NiV_6_Malaysia_60_SMARTplex	AGTTATCAGTTGGT	14	14	TTTTTCGTGCGCCGCTTCAACAGTTATCAGTTGGT	40.930120439899326
