name	fullseq	tm (use 52)	seq	subseq	lensubseq	lenmatch
nCoV-2019_1_SMARTplex	TTTTTCGTGCGCCGCTTCAACTGACGTGCCTC	41.63	CATCTTTAAGATGTTGACGTGCCTC	TGACGTGCCTC	11	11
nCoV-2019_2_SMARTplex	TTTTTCGTGCGCCGCTTCAACGCCAAGCTCGT	42.78	TAAGGATCAGTGCCAAGCTCGT	GCCAAGCTCGT	11	11
nCoV-2019_3_SMARTplex	TTTTTCGTGCGCCGCTTCAACGCAATTCATAGCTCT	45.31	AAGGTGTCTGCAATTCATAGCTCT	GCAATTCATAGCTCT	15	15
nCoV-2019_4_SMARTplex	TTTTTCGTGCGCCGCTTCAACGCACCTTCTTTAGT	43.30	CACAAGTAGTGGCACCTTCTTTAGT	GCACCTTCTTTAGT	14	14
nCoV-2019_5_SMARTplex	TTTTTCGTGCGCCGCTTCAACTCTCTTTTTGGAGT	41.28	ATTGATGTTGACTTTCTCTTTTTGGAGT	TCTCTTTTTGGAGT	14	14
nCoV-2019_6_SMARTplex	TTTTTCGTGCGCCGCTTCAACTTCTGTAAAACACG	44.46	TAGCGGCCTTCTGTAAAACACG	CTTCTGTAAAACACG	14	15
nCoV-2019_7_SMARTplex	TTTTTCGTGCGCCGCTTCAACTGACAATTTGTCCA	42.84	TGCACAGGTGACAATTTGTCCA	TGACAATTTGTCCA	14	14
nCoV-2019_8_SMARTplex	TTTTTCGTGCGCCGCTTCAACTTCACTAGTAGGT	40.50	GCTTCAACAGCTTCACTAGTAGGT	CTTCACTAGTAGGT	13	14
nCoV-2019_9_SMARTplex	TTTTTCGTGCGCCGCTTCAACTGCCACAACAC	42.94	ATGACAGCATCTGCCACAACAC	CTGCCACAACAC	11	12
nCoV-2019_10_SMARTplex	TTTTTCGTGCGCCGCTTCAACTTCTTCTTGCTCT	42.91	TCATCTAACCAATCTTCTTCTTGCTCT	CTTCTTCTTGCTCT	13	14
nCoV-2019_11_SMARTplex	TTTTTCGTGCGCCGCTTCAACTTGCATGGCA	53.25	TCATCAGATTCAACTTGCATGGCA	TTCAACTTGCATGGCA	10	16
nCoV-2019_12_SMARTplex	TTTTTCGTGCGCCGCTTCAACTCCAAAAAGCTTGA	43.26	TTCACTCTTCATTTCCAAAAAGCTTGA	TCCAAAAAGCTTGA	14	14
nCoV-2019_13_SMARTplex	TTTTTCGTGCGCCGCTTCAACAGTTAAAACACCCT	45.16	ACCACAGCAGTTAAAACACCCT	CAGTTAAAACACCCT	14	15
nCoV-2019_14_SMARTplex	TTTTTCGTGCGCCGCTTCAACAGACAGGCATT	43.81	AGTTTCCACACAGACAGGCATT	ACAGACAGGCATT	11	13
nCoV-2019_15_SMARTplex	TTTTTCGTGCGCCGCTTCAACGTAGCTGGCACT	42.97	AACAGAAACTGTAGCTGGCACT	GTAGCTGGCACT	12	12
nCoV-2019_16_SMARTplex	TTTTTCGTGCGCCGCTTCAACGTGTGGAGGTTA	44.41	CACAACTTGCGTGTGGAGGTTA	CGTGTGGAGGTTA	12	13
nCoV-2019_17_SMARTplex	TTTTTCGTGCGCCGCTTCAACGTTAACAATGCAGT	41.79	TTTGTTGGAGTGTTAACAATGCAGT	GTTAACAATGCAGT	14	14
nCoV-2019_18_SMARTplex	TTTTTCGTGCGCCGCTTCAACACACGTACAAGG	43.64	AGCTTGTTTACCACACGTACAAGG	CACACGTACAAGG	12	13
nCoV-2019_19_SMARTplex	TTTTTCGTGCGCCGCTTCAACGGGTCAATTTCTGT	43.58	TGTCCAACTTAGGGTCAATTTCTGT	GGGTCAATTTCTGT	14	14
nCoV-2019_20_SMARTplex	TTTTTCGTGCGCCGCTTCAACTTAGTTGCATTGTT	40.36	ACGTGGCTTTATTAGTTGCATTGTT	TTAGTTGCATTGTT	14	14
nCoV-2019_21_SMARTplex	TTTTTCGTGCGCCGCTTCAACGGCCAACCTCT	40.15	TAGATCTGTGTGGCCAACCTCT	GGCCAACCTCT	11	11
nCoV-2019_22_SMARTplex	TTTTTCGTGCGCCGCTTCAACTATAGTAGTCGGC	42.50	ACAGTATTCTTTGCTATAGTAGTCGGC	CTATAGTAGTCGGC	13	14
nCoV-2019_23_SMARTplex	TTTTTCGTGCGCCGCTTCAACGGTTGCAATAGTG	40.71	ACCAGTACAGTAGGTTGCAATAGTG	GGTTGCAATAGTG	13	13
nCoV-2019_24_SMARTplex	TTTTTCGTGCGCCGCTTCAACGCTGAAATCGGG	42.18	ACATTCTAACCATAGCTGAAATCGGG	GCTGAAATCGGG	12	12
nCoV-2019_25_SMARTplex	TTTTTCGTGCGCCGCTTCAACAAGTCTCTCGCA	48.58	ACTGTAGTGACAAGTCTCTCGCA	ACAAGTCTCTCGCA	12	14
nCoV-2019_26_SMARTplex	TTTTTCGTGCGCCGCTTCAACTCACCAACATCAG	41.42	TCCGCACTATCACCAACATCAG	TCACCAACATCAG	13	13
nCoV-2019_27_SMARTplex	TTTTTCGTGCGCCGCTTCAACCAAGGTCACGG	48.48	AATACAAGCACCAAGGTCACGG	ACCAAGGTCACGG	11	13
nCoV-2019_28_SMARTplex	TTTTTCGTGCGCCGCTTCAACATGAACAGGTGT	45.50	TGTTTAGACATGACATGAACAGGTGT	ACATGAACAGGTGT	12	14
nCoV-2019_29_SMARTplex	TTTTTCGTGCGCCGCTTCAACTTTGATGGTGTGT	40.85	AGTGTACTCTATAAGTTTTGATGGTGTGT	TTTGATGGTGTGT	13	13
nCoV-2019_30_SMARTplex	TTTTTCGTGCGCCGCTTCAACACAAACACCAG	42.75	ACCACTAGTAGATACACAAACACCAG	ACACAAACACCAG	11	13
nCoV-2019_31_SMARTplex	TTTTTCGTGCGCCGCTTCAACAGGTAAGAATGAGT	43.67	ACAGAATAAACACCAGGTAAGAATGAGT	CAGGTAAGAATGAGT	14	15
nCoV-2019_32_SMARTplex	TTTTTCGTGCGCCGCTTCAACGCAACTTTAGA	40.92	AGCACATCACTACGCAACTTTAGA	ACGCAACTTTAGA	11	13
nCoV-2019_33_SMARTplex	TTTTTCGTGCGCCGCTTCAACGTCATCAAGC	40.95	TGGACAGTAAACTACGTCATCAAGC	ACGTCATCAAGC	10	12
nCoV-2019_34_SMARTplex	TTTTTCGTGCGCCGCTTCAACGGCCTCATAGCA	42.41	AGTGAAATTGGGCCTCATAGCA	GGCCTCATAGCA	12	12
nCoV-2019_35_SMARTplex	TTTTTCGTGCGCCGCTTCAACAAGGTTAAAGTCA	43.59	ACTTCATAGCCACAAGGTTAAAGTCA	ACAAGGTTAAAGTCA	13	15
nCoV-2019_36_SMARTplex	TTTTTCGTGCGCCGCTTCAACTGAGTACTCTGGA	40.25	GAACAAAGACCATTGAGTACTCTGGA	TGAGTACTCTGGA	13	13
nCoV-2019_37_SMARTplex	TTTTTCGTGCGCCGCTTCAACTCCTAGCACCAT	43.24	GTCCACACTCTCCTAGCACCAT	CTCCTAGCACCAT	12	13
nCoV-2019_38_SMARTplex	TTTTTCGTGCGCCGCTTCAACAGTCTAAAGTAGCG	45.77	CACCAAGAGTCAGTCTAAAGTAGCG	CAGTCTAAAGTAGCG	14	15
nCoV-2019_39_SMARTplex	TTTTTCGTGCGCCGCTTCAACACATTGAGCCC	45.66	TGTAACTGGACACATTGAGCCC	ACACATTGAGCCC	11	13
nCoV-2019_40_SMARTplex	TTTTTCGTGCGCCGCTTCAACATCACGGTCAAAT	44.55	CATGGCTGCATCACGGTCAAAT	CATCACGGTCAAAT	13	14
nCoV-2019_41_SMARTplex	TTTTTCGTGCGCCGCTTCAACCATTAGTTTGGCT	51.36	TGGTATGACAACCATTAGTTTGGCT	CAACCATTAGTTTGGCT	13	17
nCoV-2019_42_SMARTplex	TTTTTCGTGCGCCGCTTCAACTTTGTTGTGTTGT	42.46	CCTACCTCCCTTTGTTGTGTTGT	CTTTGTTGTGTTGT	13	14
nCoV-2019_43_SMARTplex	TTTTTCGTGCGCCGCTTCAACAGCAAAAGCA	40.46	AGCAGCATCTACAGCAAAAGCA	ACAGCAAAAGCA	10	12
nCoV-2019_44_SMARTplex	TTTTTCGTGCGCCGCTTCAACATACCGCAGAC	45.19	AACCTTTCCACATACCGCAGAC	ACATACCGCAGAC	11	13
nCoV-2019_45_SMARTplex	TTTTTCGTGCGCCGCTTCAACGTTGGTAGTTAGAGA	42.83	AAATTGTTTCTTCATGTTGGTAGTTAGAGA	GTTGGTAGTTAGAGA	15	15
nCoV-2019_46_SMARTplex	TTTTTCGTGCGCCGCTTCAACTAAGTTGGCGTA	41.37	CACGTTCACCTAAGTTGGCGTA	CTAAGTTGGCGTA	12	13
nCoV-2019_47_SMARTplex	TTTTTCGTGCGCCGCTTCAACGAGTTTTAACCTCTC	42.43	AATAACGGTCAAAGAGTTTTAACCTCTC	GAGTTTTAACCTCTC	15	15
nCoV-2019_48_SMARTplex	TTTTTCGTGCGCCGCTTCAACAGCAGCGTGC	41.93	TAGATTACCAGAAGCAGCGTGC	AGCAGCGTGC	10	10
nCoV-2019_49_SMARTplex	TTTTTCGTGCGCCGCTTCAACGGTTAGCATTAATACA	43.11	TGACGATGACTTGGTTAGCATTAATACA	GGTTAGCATTAATACA	16	16
nCoV-2019_50_SMARTplex	TTTTTCGTGCGCCGCTTCAACGCCAACCACCA	41.97	TAACATGTTGTGCCAACCACCA	GCCAACCACCA	11	11
nCoV-2019_51_SMARTplex	TTTTTCGTGCGCCGCTTCAACATTGGCCGTGA	50.24	AGTGCATTAACATTGGCCGTGA	AACATTGGCCGTGA	11	14
nCoV-2019_52_SMARTplex	TTTTTCGTGCGCCGCTTCAACATTCATGAGGTCC	40.30	GTTGAGAGCAAAATTCATGAGGTCC	ATTCATGAGGTCC	13	13
nCoV-2019_53_SMARTplex	TTTTTCGTGCGCCGCTTCAACTCAGGTTCCC	43.86	AGCCTCATAAAACTCAGGTTCCC	AACTCAGGTTCCC	10	13
nCoV-2019_54_SMARTplex	TTTTTCGTGCGCCGCTTCAACGTCCATTAGCACA	41.58	AACCAAAAACTTGTCCATTAGCACA	GTCCATTAGCACA	13	13
nCoV-2019_55_SMARTplex	TTTTTCGTGCGCCGCTTCAACTTTGTACTTTACTGT	40.36	GGTGTACTCTCCTATTTGTACTTTACTGT	TTTGTACTTTACTGT	15	15
nCoV-2019_56_SMARTplex	TTTTTCGTGCGCCGCTTCAACGAGCAGAAGGGTA	48.81	ACACTATGCGAGCAGAAGGGTA	CGAGCAGAAGGGTA	13	14
nCoV-2019_57_SMARTplex	TTTTTCGTGCGCCGCTTCAACGGGTCGCCAAT	41.85	GTAATTGAGCAGGGTCGCCAAT	GGGTCGCCAAT	11	11
nCoV-2019_58_SMARTplex	TTTTTCGTGCGCCGCTTCAACGCAGGGTTACGT	43.59	CTTTTCTCCAAGCAGGGTTACGT	GCAGGGTTACGT	12	12
nCoV-2019_59_SMARTplex	TTTTTCGTGCGCCGCTTCAACATTTTCAGCTTG	42.16	AAGAGTCCTGTTACATTTTCAGCTTG	ACATTTTCAGCTTG	12	14
nCoV-2019_60_SMARTplex	TTTTTCGTGCGCCGCTTCAACGCTTCTCTAGTAGC	43.18	GGTACCAACAGCTTCTCTAGTAGC	GCTTCTCTAGTAGC	14	14
nCoV-2019_61_SMARTplex	TTTTTCGTGCGCCGCTTCAACAGGTGCGC	47.77	ATCACATAGACAACAGGTGCGC	CAACAGGTGCGC	8	12
nCoV-2019_62_SMARTplex	TTTTTCGTGCGCCGCTTCAACTACAAGCCGC	40.23	GTTGAACCTTTCTACAAGCCGC	CTACAAGCCGC	10	11
nCoV-2019_63_SMARTplex	TTTTTCGTGCGCCGCTTCAACACCATCACAACC	43.71	ACAAACTGCCACCATCACAACC	CACCATCACAACC	12	13
nCoV-2019_64_SMARTplex	TTTTTCGTGCGCCGCTTCAACGTGTTCCAGAGGT	44.02	AGTCTTGTAAAAGTGTTCCAGAGGT	GTGTTCCAGAGGT	13	13
nCoV-2019_65_SMARTplex	TTTTTCGTGCGCCGCTTCAACAAACACCAATAGT	46.01	TGTCAGTCATAGAACAAACACCAATAGT	AACAAACACCAATAGT	13	16
nCoV-2019_66_SMARTplex	TTTTTCGTGCGCCGCTTCAACTGACTCCTGGGT	42.83	TCAATTTCCATTTGACTCCTGGGT	TGACTCCTGGGT	12	12
nCoV-2019_67_SMARTplex	TTTTTCGTGCGCCGCTTCAACAGATAAATCTTGGG	45.57	CAACCTTAGAAACTACAGATAAATCTTGGG	ACAGATAAATCTTGGG	14	16
nCoV-2019_68_SMARTplex	TTTTTCGTGCGCCGCTTCAACGAACCAGCACCA	43.75	CTCCTTTATCAGAACCAGCACCA	GAACCAGCACCA	12	12
nCoV-2019_69_SMARTplex	TTTTTCGTGCGCCGCTTCAACGGAACCTCCA	44.28	TCTTTATAGCCACGGAACCTCCA	ACGGAACCTCCA	10	12
nCoV-2019_70_SMARTplex	TTTTTCGTGCGCCGCTTCAACAGACATAACAGCAG	43.07	TGACCTTCTTTTAAAGACATAACAGCAG	AGACATAACAGCAG	14	14
nCoV-2019_71_SMARTplex	TTTTTCGTGCGCCGCTTCAACTAAGAACAAGTCCT	40.40	TGGAAAAGAAAGGTAAGAACAAGTCCT	TAAGAACAAGTCCT	14	14
nCoV-2019_72_SMARTplex	TTTTTCGTGCGCCGCTTCAACTTTCCATCCAAC	43.58	ACTCTGAACTCACTTTCCATCCAAC	ACTTTCCATCCAAC	12	14
nCoV-2019_73_SMARTplex	TTTTTCGTGCGCCGCTTCAACTCCAACCTGAAGA	42.04	CACCAGCTGTCCAACCTGAAGA	TCCAACCTGAAGA	13	13
nCoV-2019_74_SMARTplex	TTTTTCGTGCGCCGCTTCAACTGCTGATTCTCTTC	43.07	GCAACACAGTTGCTGATTCTCTTC	TGCTGATTCTCTTC	14	14
nCoV-2019_75_SMARTplex	TTTTTCGTGCGCCGCTTCAACTTAGAATCAAGATTGT	44.51	ACCACCAACCTTAGAATCAAGATTGT	CTTAGAATCAAGATTGT	16	17
nCoV-2019_76_SMARTplex	TTTTTCGTGCGCCGCTTCAACGCCTGTTAAACCAT	44.16	ACACCTGTGCCTGTTAAACCAT	GCCTGTTAAACCAT	14	14
nCoV-2019_77_SMARTplex	TTTTTCGTGCGCCGCTTCAACTAAACAGCCTGC	40.45	CAGCCCCTATTAAACAGCCTGC	TAAACAGCCTGC	12	12
nCoV-2019_78_SMARTplex	TTTTTCGTGCGCCGCTTCAACTGCCATATTGCA	48.17	TGTGTACAAAAACTGCCATATTGCA	AACTGCCATATTGCA	12	15
nCoV-2019_79_SMARTplex	TTTTTCGTGCGCCGCTTCAACGAGCAAAGGTGG	41.72	CATTTCATCTGTGAGCAAAGGTGG	GAGCAAAGGTGG	12	12
nCoV-2019_80_SMARTplex	TTTTTCGTGCGCCGCTTCAACTGTTTAACAAGCG	40.60	TGGAGCTAAGTTGTTTAACAAGCG	TGTTTAACAAGCG	13	13
nCoV-2019_81_SMARTplex	TTTTTCGTGCGCCGCTTCAACTCTTGTGCAGGG	43.20	GTGAAGTTCTTTTCTTGTGCAGGG	TCTTGTGCAGGG	12	12
nCoV-2019_82_SMARTplex	TTTTTCGTGCGCCGCTTCAACTGTCACCTAAATCAA	43.28	TGCCAGAGATGTCACCTAAATCAA	TGTCACCTAAATCAA	15	15
nCoV-2019_83_SMARTplex	TTTTTCGTGCGCCGCTTCAACTGAGCACTGGC	41.88	TTTGACTCCTTTGAGCACTGGC	TGAGCACTGGC	11	11
nCoV-2019_84_SMARTplex	TTTTTCGTGCGCCGCTTCAACTGTTACAAACAAC	45.28	AGGTGTGAGTAAACTGTTACAAACAAC	AACTGTTACAAACAAC	13	16
nCoV-2019_85_SMARTplex	TTTTTCGTGCGCCGCTTCAACTCCAGATTCCC	42.96	ACACAGTCTTTTACTCCAGATTCCC	ACTCCAGATTCCC	11	13
nCoV-2019_86_SMARTplex	TTTTTCGTGCGCCGCTTCAACAAAAAGAAGTACGC	42.01	ACGAAAGCAAGAAAAAGAAGTACGC	AAAAAGAAGTACGC	14	14
nCoV-2019_87_SMARTplex	TTTTTCGTGCGCCGCTTCAACTTGTTCAAGGAGC	42.39	ACTAGGTTCCATTGTTCAAGGAGC	TTGTTCAAGGAGC	13	13
nCoV-2019_88_SMARTplex	TTTTTCGTGCGCCGCTTCAACGTGCCATGGAGT	43.29	TGGTCAGAATAGTGCCATGGAGT	GTGCCATGGAGT	12	12
nCoV-2019_89_SMARTplex	TTTTTCGTGCGCCGCTTCAACGAGATGAAACA	48.72	ACCTGAAAGTCAACGAGATGAAACA	TCAACGAGATGAAACA	11	16
nCoV-2019_90_SMARTplex	TTTTTCGTGCGCCGCTTCAACAATTGCCCTCGT	42.50	TGAAATGGTGAATTGCCCTCGT	AATTGCCCTCGT	12	12
nCoV-2019_91_SMARTplex	TTTTTCGTGCGCCGCTTCAACAAAAGATAATAAGCA	41.21	TTCAAGTGAGAACCAAAAGATAATAAGCA	CAAAAGATAATAAGCA	15	16
nCoV-2019_92_SMARTplex	TTTTTCGTGCGCCGCTTCAACAATTAATTGTAAAAGG	41.90	AGGTTCCTGGCAATTAATTGTAAAAGG	CAATTAATTGTAAAAGG	16	17
nCoV-2019_93_SMARTplex	TTTTTCGTGCGCCGCTTCAACTGCCATGTTGAG	40.39	AGGTCTTCCTTGCCATGTTGAG	TGCCATGTTGAG	12	12
nCoV-2019_94_SMARTplex	TTTTTCGTGCGCCGCTTCAACTTGTTCCTTGAGG	41.13	TTTGGCAATGTTGTTCCTTGAGG	TTGTTCCTTGAGG	13	13
nCoV-2019_95_SMARTplex	TTTTTCGTGCGCCGCTTCAACTGCCGAGGCTT	44.21	CAGTACGTTTTTGCCGAGGCTT	TGCCGAGGCTT	11	11
nCoV-2019_96_SMARTplex	TTTTTCGTGCGCCGCTTCAACTGGTGGGAATGT	40.81	TAGGCTCTGTTGGTGGGAATGT	TGGTGGGAATGT	12	12
nCoV-2019_97_SMARTplex	TTTTTCGTGCGCCGCTTCAACGATTGCTATGTGAG	41.49	ACACACTGATTAAAGATTGCTATGTGAG	GATTGCTATGTGAG	14	14
nCoV-2019_98_SMARTplex	TTTTTCGTGCGCCGCTTCAACTATTAAAATCACATGG	43.44	TTCTCCTAAGAAGCTATTAAAATCACATGG	CTATTAAAATCACATGG	16	17
