name	seq	length	%gc	tm (use 65)
Ebov_1_LEFT	TCTTTTGTGTGCGAATAACTATGAGGA	27	37.037037037	61.0069916299
Ebov_1_RIGHT	TGTGTCCTACTGATTGCCAAGC	22	50.0	60.8756723902
Ebov_2_LEFT	CCGGTCAGTTTCTCTCCTTTGC	22	54.5454545455	61.4442805977
Ebov_2_RIGHT	ACTCTGGTATTCGCCGTAGCTT	22	50.0	61.5298072506
Ebov_3_LEFT	CGATGATGATGACGACATTCCCT	23	47.8260869565	60.553715104
Ebov_3_RIGHT	TCATCCCATTGTTCCATGCTCA	22	45.4545454545	60.0251314748
Ebov_4_LEFT	TCCACCATGGCTCACTGAAAAA	22	45.4545454545	60.424090516
Ebov_4_RIGHT	GACCGGTTGTCATCACCAGAAG	22	54.5454545455	61.1876828971
Ebov_5_LEFT	GCAACAACAAACCATCGCATCA	22	45.4545454545	60.8617496924
Ebov_5_RIGHT	AAAACACTCTCTCAGCCGAGGT	22	50.0	61.6070742614
Ebov_6_LEFT	CGACCAAGATAAAATTGTTCATATCTCGC	29	37.9310344828	61.4060209451
Ebov_6_RIGHT	TTCTTACCGGTCAGCTTGTGGA	22	50.0	61.6079183143
Ebov_7_LEFT	AAGGGGAACAGTGCCGATCTAA	22	50.0	61.4220542769
Ebov_7_RIGHT	TCCTGTAACGCCCATTGTGTTG	22	50.0	61.3895663805
Ebov_8_LEFT	GGCGATGAAGATTAAGCCGACA	22	50.0	61.0582973977
Ebov_8_RIGHT	TGTCTCATTCAGCTGGAGCAGA	22	50.0	61.4124905177
Ebov_9_LEFT	AGGACCCGTCTAGTGGCTACTA	22	54.5454545455	61.4950990124
Ebov_9_RIGHT	TGCAGCACCTTCATCCTGAGTA	22	50.0	61.4168861443
Ebov_10_LEFT	ATACCGGAGAAGAGAGTGCCAG	22	54.5454545455	61.2742502356
Ebov_10_RIGHT	ACTCTACCGGTTCGCAGATCTG	22	54.5454545455	61.8364488836
Ebov_11_LEFT	ACAAGGTTTGACATCAATCTAGTTATCTCT	30	33.3333333333	60.7422364993
Ebov_11_RIGHT	AACCCTGAAACAACGACAGCAG	22	50.0	61.5781497252
Ebov_12_LEFT	TCAACGATTACACAGTGATAAAGGAGG	27	40.7407407407	61.0570133458
Ebov_12_RIGHT	CTTTTGTGGCGTATCTCAGGGG	22	54.5454545455	61.2583796547
Ebov_13_LEFT	TGCGGAGGTCTGATAAGAATAAACC	25	44.0	60.6840300448
Ebov_13_RIGHT	TGGATCGAATCAACGACAGCAT	22	45.4545454545	60.4186085104
Ebov_14_LEFT	GGACCAGCTGATTGACCAGTCT	22	54.5454545455	62.0020678593
Ebov_14_RIGHT	CCGCAAGCTCTAGTGACTAGGT	22	54.5454545455	61.5250775931
Ebov_15_LEFT	CTGCTTATTGGGTCTTTCCGTGT	23	47.8260869565	61.1177985868
Ebov_15_RIGHT	CCAAGCACAATGGTTCGAGGAA	22	50.0	61.392385026
Ebov_16_LEFT	CTCAAAAATAGCAGAGATTGAGGATCCA	28	39.2857142857	61.3137094515
Ebov_16_RIGHT	AACATTGCGAGTCGGATAAGGC	22	50.0	61.3146978821
Ebov_17_LEFT	AGAGCAAGAAAACTTTTCTATTGAGAATGT	30	30.0	60.4454383846
Ebov_17_RIGHT	AATGGTGCCATTCTTGTAGCCG	22	50.0	61.5235084157
Ebov_18_LEFT	CGCCAGCCTAGCAAAAGTTACA	22	50.0	61.4479366666
Ebov_18_RIGHT	CTCAGTCTGTCCAAAACCGGTG	22	54.5454545455	61.3791124926
Ebov_19_LEFT	CCTGTTATGAGTCGTTTTGCGG	22	50.0	60.1597069611
Ebov_19_RIGHT	TCCCGGGTGCAACACTTAGTTA	22	50.0	61.6130037232
Ebov_20_LEFT	AGTTTTCAGGAGGTGGCCAGTC	22	54.5454545455	62.4674046914
Ebov_20_RIGHT	TGCATGGAAGAAATTGCTGGCT	22	45.4545454545	61.4117609571
Ebov_21_LEFT	AACCCAACACCTGTGAATAATTTTCTC	27	37.037037037	60.4713993903
Ebov_21_RIGHT	AGGTAGCCTTGCTCTTTGGTCT	22	50.0	61.3609558705
Ebov_22_LEFT	AGTATCAGGAATGACTACTCCTAGGATG	28	42.8571428571	60.9578204746
Ebov_22_RIGHT	TCAGAAGCCCTGTCAGCCTTTC	22	54.5454545455	62.5199579481
Ebov_23_LEFT	AGGACGAATCACAAAACTAGTCAATGA	27	37.037037037	60.9546781789
Ebov_23_RIGHT	TGTGTGCGACCATTTTTCCAGG	22	50.0	61.9052882597
